ID;BRAND;LABEL_PRODUCT
1196;Sony;Xperia T 16 Go - Noir - Débloqué
1218;Apple;iPad 4 - 64GB - Wifi + 4G - Bianco - Sbloccato
1338;Apple;iPad 2 - 32 GB  - Bianco - Wifi
1395;Samsung;Galaxy S4 16 Go - Argent - Débloqué
1550;Apple;iPhone 5S 64 Go - Gris sidéral - Débloqué
1662;Samsung;Galaxy S5 16 Go - Noir - Débloqué
1682;Apple;iPhone 5C 8 Go - Blanc - Débloqué
1750;LG;LG G2 16 GB   - Nero - Sbloccato
2225;Samsung;Galaxy Note 4 32 Go   - Noir - Débloqué
2335;Samsung;Galaxy A7 16 Go   - Blanc - Débloqué
2648;Apple;iPad Air 2 - 64 GB - 4G - Argento - Sbloccato
2779;Samsung;Samsung Galaxy Tab 9.7 4G - 16GB - Bianco - Sbloccato
2825;Samsung;Galaxy S6 32 Go   - Bleu Topaze - Débloqué
3216;Apple;iPhone 6S 128 Go   - Gris Sidéral - Débloqué
3237;Sony;Xperia J 4 Go - Noir - Débloqué
3283;Apple;iPhone 6S 128 GB   - Oro/Rosa - Libre
3448;AEG;Aeg - DB5130 - Fer à repasser 4safety 2300W
3796;Apple;"MacBook Pro 13""""   Core i5 2.5 GHz  - HDD 750 Go RAM 8 Go AZERTY"
4043;Huawei;Huawei 6P Nexus 64GB Bianco
4098;Samsung;"Samsung Galaxy Tab 4 10.1 """"16 GB - Wifi - Nero"
4338;Apple;"MacBook Pro 13""""   Core i7 2.9 GHz  - HDD 750 Go RAM 8 Go QWERTY"
4472;Samsung;Galaxy S5 Neo 16 GB   - Negro - Libre
4527;Apple;"MacBook Pro 15""""   Core 2 Duo 2.53 GHz  - HDD 500 Go RAM 4 Go AZERTY"
10338;HTC;HTC Desire C 4 Go   - Noir - Débloqué
10401;HP;HP Ecran plat LED 20'' EliteDisplay E201
10469;Samsung;"Samsung Galaxy Tab E - 9.6 """"8 GB - Wifi - Nero"
10751;Apple;"iPad Pro 12,9"" 256 GB - WiFi - Grigio siderale"
12041;Apple;"MacBook Air 13""   Core i5 1,6 GHz  - SSD 128 Go RAM 4 Go AZERTY"
12909;Samsung;Galaxy J5 (2016) 16 Go   - Noir - Débloqué
14155;Sony;Sony Xperia X 32 Go   - Noir - Débloqué
14254;Apple;"iPad Pro 9,7"" 128 GB - Oro - Wi-Fi"
14428;Kenwood;Frullatore fresco Kenwood BLP400WH X - Bianco
14551;Apple;iPhone 7 256 GB   - Negro Brillante - Libre
15129;SAMSUNG;Samsung Galaxy Ace GT-S5839I 200 Mo - Noir - Débloqué
15483;SAMSUNG;"Samsung Galaxy Tab 2 - 10,1"" 16 Go - Wifi - Noir"
16815;Dell;"Dell Latitude E6320 13"" Core i5 2,5 GHz  - SSD 240 Go RAM 8 Go AZERTY"
16908;SAMSUNG;Smart TV 4K Ultra HD 138 cm SAMSUNG UE55KS7500 - incurvée
17731;Asus;Asus ZenFone 3 Max 32 Go Dual Sim - Gris - Débloqué
17859;Nintendo;Nintendo Wii U 32 Go - Noir + Mario Kart 8 pré-installé
18090;Nokia;Nokia E63 Libre QWERTY
18378;Dell;"Dell Latitude E5430 14"""" Core i5-3320M 2.6 GHz  - HDD 320 Go RAM 4 Go AZERTY"
18583;HP;"Hp ProBook 6470b 14"" Core i5-3230M 2,6 GHz  - HDD 320 Go RAM 4 Go AZERTY"
19155;Wiko;Wiko Sunny 8 Go Dual Sim - Noir - Débloqué
21412;Samsung;Samsung Galaxy A3 (2015) 16 GB - Azul - Libre
21893;Apple;iPhone 7 128 Go   - Rouge - Débloqué
24138;Electrolux;Cuisinière induction ELECTROLUX EKF6772AOX
24254;Leotec;Bracelet connecté Leotec Fitness MultiSports HR - Noir
25414;Philips;Ecran 22'' - 1680 x 1050 - PHILIPS S-LINE
25846;Beats;Casque avec micro Bluetooth Beats Solo 3 Wireless - Noir
26028;Sony;Sony Xperia XA1 Ultra 32 Go Dual Sim - Noir - Débloqué
27607;Apple;"MacBook Pro 15"""" Retina Core i7 2.6 GHz  - SSD 256 Go RAM 16 Go AZERTY"
27991;Apple;"IPad Air 2 - 9.7"""" - 32 GB - Wifi + 4G - Grigio Siderale - Sbloccato"
28253;Dell;Dell Optiplex 790 SFF  Core I3 3.3 GHz  - HDD 160 Go - RAM 4 Go
36155;Lenovo;"Lenovo G70-35 17"" Dual Core E1 6010 1,35 GHz  - HDD 1 To - RAM 4 Go"
36831;Apple;iPhone 8 256 Go   - Argent - Débloqué
39477;HP;Imprimante jet d'encre multifonction HP ENVY 4527
39752;Acer;Acer Liquid Z6 8 Go - Gris - Débloqué
39993;DELL;"Ecran Plat 17"""" LCD HD DELL 1707fpt"
40485;WESTERN DIGITAL;"Disque Dur Interne 3.5"" 320Go SATA , Western Digital Caviar Blue WD3200AAJS-56B4A0"
41918;Apple;"MacBook Pro 13"""" Retina Core i5 2.3 GHz  - SSD 128 Go RAM 8 Go AZERTY"
41938;HP;HP Elite 8000 Pentium E5400 2.7 GHz - HDD 320 GB - RAM 2 GB
41958;MegaWatch;Montre multifonction MegaWatch INOMW03 - Noir
42911;Sony;Sony Xperia Z5 32 Go   - Gris - Débloqué
43812;Apple;"MacBook Pro 13""""   Core 2 Duo 2.26 GHz  - HDD 160 Go RAM 2 Go QWERTY"
45162;Samsung;Galaxy S4 Mini 16 Go   - Noir - Débloqué
45419;Sony;Manette PS4 Sony Dualshock 4
45542;Apple;iPad Pro 10.5'' - 512 GB - Wifi - Grigio siderale
46309;Parrot;Drone Parrot Airborne Night Blaze Pf723102
46353;GoPro;Caméra embarquée  GoPro HERO4
47771;Essentiel b;Four multifonction pyrolyse Essentiel b EFMP 104i
49683;Hp;"Hp 17-P127NF 17"""" E1-6010 1.35 GHz  - HDD 500 Go - RAM 4 Go"
51779;Hp;"Hp Omen 15-ax235nf 15"" Core i5-7300HQ 2,5 GHz  - HDD 1 To - RAM 6 Go - NVIDIA GeForce GTX 1050"
56201;EWT;Ventilateur colonne EWT Funny Fan
68893;Sony;Sony Xperia XZ Premium 64 Go Dual Sim - Noir - Débloqué
89186;EWT;Ventilateur Colonne EWT Funny Fan - Orange
92441;Bastilipo;Ventilateur sur pied Rowenta VU4210F0
96639;Dell;Dell E3400  Dual Core Processor E3400  GHz  - HDD 160 GB RAM 2 GB
99151;Samsung;Galaxy A3 (2016) 16 GB   - Nero - Sbloccato
103134;Beats;Casque   Bluetooth   Beats Studio 3 - Noir mat
115791;Apple;"MacBook Air 13""   Core i5 1,4 GHz  - SSD 128 GB RAM 4 GB QWERTZ"
115842;HITACHI;"Disque Dur interne 3,5"" 2To - Hitachi H3V20006472S"
115862;HP;"Hp Compaq Pro 6300 AiO 21"""" Core i5-3470S 2.9 GHz  - HDD 500 Go RAM 8 Go"
116398;Malone;Enceinte    Malone PA-220-P Noir
116759;Klarstein;Mini-four Klarstein Omnichef 30 2G - Noir
117039;NUMAN;Radio NUMAN Mini One
117410;Samsung;Galaxy S9 64 Go Dual Sim - Lilas Violet - Débloqué
118456;LG;SMART TV 4K upscaler   4K Ultra HD 140 cm LG 55SJ810V
118477;Apple;"MacBook Air 13""""   Core i7 1.7 GHz  - SSD 256 Go RAM 8 Go AZERTY"
119150;Klarstein;Mini lave-vaisselle 49,5 cm Klarstein Amazonia 6 - 6  Couverts
119250;Klarstein;Déshumidificateur Klarstein Drybest 2000
120119;Listo;Lave-linge Frontal Listo LF 1207D2
121028;Nintendo;Console Nintendo DS - NOIR
121120;Uniconcept;Pack Protection Pack: iPhone 6 Plus - 6S Plus Cover und gehärtetes Glas - Blue Night
121786;Huawei;Huawei P10 64 Go   - Argent - Débloqué
122641;fujitsu;Fujitsu Esprimo E510-e85  Celeron G1610 2.6 GHz  - HDD 250 Go RAM 2 Go
122994;Rowenta;Aspirateur avec sac Rowenta RO6831EA
124516;Dell;"Dell Latitude E7270 12"""" Core i5-6300U 2.4 GHz  - SSD 128 Go RAM 8 Go"
124631;Archos;Archos Helium Plus 16 Go Dual Sim - Noir - Débloqué
125623;Auna;Enceinte  Bluetooth Auna Streetstar 12 Noir
129093;Toshiba;"Toshiba Portege R30-A-196 13"""" Core i7-4610M 3 GHz  - SSD 256 Go RAM 8 Go  "
;;
;;
;;
;;
;;
;;
;;
;;
;;
;;
;;
;;
;;
;;
;;
;;
;;
;;
;;
;;
;;
;;
;;
;;
;;
;;
;;
;;
;;
;;
;;
;;
;;
;;
;;
;;
;;
;;
;;
;;
;;
;;
;;
;;
;;
;;
;;
;;
;;
;;
;;
;;
;;
;;
;;
;;
;;
;;
;;
;;
;;
;;
;;
;;
;;
;;
;;
;;
;;
;;
;;
;;
;;
;;
;;
;;
;;
;;
;;
;;
;;
;;
;;
;;
;;
;;
;;
;;
;;
;;
;;
;;
;;
;;
;;
;;
;;
;;
;;
;;
;;
;;
;;
;;
;;
;;
;;
;;
;;
;;
;;
;;
;;
;;
;;
;;
;;
;;
;;
;;
;;
;;
;;
;;
;;
;;
;;
;;
;;
;;
;;
;;
;;
;;
;;
;;
;;
;;
;;
;;
;;
;;
;;
;;
;;
;;
;;
;;
;;
;;
;;
;;
;;
;;
;;
;;
;;
;;
;;
;;
;;
;;
;;
;;
;;
;;
;;
;;
;;
;;
;;
;;
;;
;;
;;
;;
;;
;;
;;
;;
;;
;;
;;
;;
;;
;;
;;
;;
;;
;;
;;
;;
;;
;;
;;
;;
;;
;;
;;
;;
;;
;;
;;
;;
;;
;;
;;
;;
;;
;;
;;
;;
;;
;;
;;
;;
;;
;;
;;
;;
;;
;;
;;
;;
;;
;;
;;
;;
;;
;;
;;
;;
;;
;;
;;
;;
;;
;;
;;
;;
;;
;;
;;
;;
;;
;;
;;
;;
;;
;;
;;
;;
;;
;;
;;
;;
;;
;;
;;
;;
;;
;;
;;
;;
;;
;;
;;
;;
;;
;;
;;
;;
;;
;;
;;
;;
;;
;;
;;
;;
;;
;;
;;
;;
;;
;;
;;
;;
;;
;;
;;
;;
;;
;;
;;
;;
;;
;;
;;
;;
;;
;;
;;
;;
;;
;;
;;
;;
;;
;;
;;
;;
;;
;;
;;
;;
;;
;;
;;
;;
;;
;;
;;
;;
;;
;;
;;
;;
;;
;;
;;
;;
;;
;;
;;
;;
;;
;;
;;
;;
;;
;;
;;
;;
;;
;;
;;
;;
;;
;;
;;
;;
;;
;;
;;
;;
;;
;;
;;
;;
;;
;;
;;
;;
;;
;;
;;
;;
;;
;;
;;
;;
;;
;;
;;
;;
;;
;;
;;
;;
;;
;;
;;
;;
;;
;;
;;
;;
;;
;;
;;
;;
;;
;;
;;
;;
;;
;;
;;
;;
;;
;;
;;
;;
;;
;;
;;
;;
;;
;;
;;
;;
;;
;;
;;
;;
;;
;;
;;
;;
;;
;;
;;
;;
;;
;;
;;
;;
;;
;;
;;
;;
;;
;;
;;
;;
;;
;;
;;
;;
;;
;;
;;
;;
;;
;;
;;
;;
;;
;;
;;
;;
;;
;;
;;
;;
;;
;;
;;
;;
;;
;;
;;
;;
;;
;;
;;
;;
;;
;;
;;
;;
;;
;;
;;
;;
;;
;;
;;
;;
;;
;;
;;
;;
;;
;;
;;
;;
;;
;;
;;
;;
;;
;;
;;
;;
;;
;;
;;
;;
;;
;;
;;
;;
;;
;;
;;
;;
;;
;;
;;
;;
;;
;;
;;
;;
;;
;;
;;
;;
;;
;;
;;
;;
;;
;;
;;
;;
;;
;;
;;
;;
;;
;;
;;
;;
;;
;;
;;
;;
;;
;;
;;
;;
;;
;;
;;
;;
;;
;;
;;
;;
;;
;;
;;
;;
;;
;;
;;
;;
;;
;;
;;
;;
;;
;;
;;
;;
;;
;;
;;
;;
;;
;;
;;
;;
;;
;;
;;
;;
;;
;;
;;
;;
;;
;;
;;
;;
;;
;;
;;
;;
;;
;;
;;
;;
;;
;;
;;
;;
;;
;;
;;
;;
;;
;;
;;
;;
;;
;;
;;
;;
;;
;;
;;
;;
;;
;;
;;
;;
;;
;;
;;
;;
;;
;;
;;
;;
;;
;;
;;
;;
;;
;;
;;
;;
;;
;;
;;
;;
;;
;;
;;
;;
;;
;;
;;
;;
;;
;;
;;
;;
;;
;;
;;
;;
;;
;;
;;
;;
;;
;;
;;
;;
;;
;;
;;
;;
;;
;;
;;
;;
;;
;;
;;
;;
;;
;;
;;
;;
;;
;;
;;
;;
;;
;;
;;
;;
;;
;;
;;
;;
;;
;;
;;
;;
;;
;;
;;
;;
;;
;;
;;
;;
;;
;;
;;
;;
;;
;;
;;
;;
;;
;;
;;
;;
;;
;;
;;
;;
;;
;;
;;
;;
;;
;;
;;
;;
;;
;;
;;
;;
;;
;;
;;
;;
;;
;;
;;
;;
;;
;;
;;
;;
;;
;;
;;
;;
;;
;;
;;
;;
;;
;;
;;
;;
;;
;;
;;
;;
;;
;;
;;
;;
;;
;;
;;
;;
;;
;;
;;
;;
;;
;;
;;
;;
;;
;;
;;
;;
;;
;;
;;
;;
;;
;;
;;
;;
;;
;;
;;
;;
;;
;;
;;
;;
;;
;;
;;
;;
;;
;;
;;
;;
;;
;;
;;
;;
;;
;;
;;
;;
;;
;;
;;
;;
;;
;;
;;
;;
;;
;;
;;
;;
;;
;;
;;
;;
;;
;;
;;
;;
;;
;;
;;
;;
;;
;;
;;
;;
;;
;;
;;
;;
;;
;;
;;
;;
;;
;;
;;
;;
;;
;;
;;
;;
;;
;;
;;
;;
;;
;;
;;
;;
;;
;;
;;
;;
;;
;;
;;
;;
;;
;;
;;
;;
;;
;;
;;
;;
;;
;;
;;
;;
;;
;;
;;
;;
;;
;;
;;
;;
;;
;;
;;
;;
;;
;;
;;
